{
   "Line":{
      "faultrate":0.1,
      "R1":0.0580,
      "X1":0.1206,
      "R0":0.1784,
      "X0":0.4047,
      "C1":3.4,
      "C0":1.6,
      "length":1,
      "rmatrix":[
         [
            0.09813333,
            0.04013333,
            0.04013333
         ],
         [
            0.04013333,
            0.09813333,
            0.04013333
         ],
         [
            0.04013333,
            0.04013333,
            0.09813333
         ]
      ],
      "xmatrix":[
         [
            0.2153,
            0.0947,
            0.0947
         ],
         [
            0.0947,
            0.2153,
            0.0947
         ],
         [
            0.0947,
            0.0947,
            0.2153
         ]
      ],
      "cmatrix":[
         [
            2.8,
            -0.6,
            -0.6
         ],
         [
            -0.6,
            2.8,
            -0.6
         ],
         [
            -0.6,
            -0.6,
            2.8
         ]
      ],
      "is_switch":"False"
   },
   "Wire":{
      "ampacity":400.0,
      "emergency_ampacity":600.0,
      "insulation_thickness":0
   },
   "Capacitor":{
      "connection_type":"Y",
      "low":115,
      "high":126,
      "delay":15,
      "pt_ratio":60,
      "ct_ratio":60,
      "pt_phase":"A"
   },
   "Transformer":{
     "connection_type":"Y",
      "reactances":[
         7
      ]
   },
   "Regulator":{
      "ct_prim":300,
      "delay":15,
      "highstep":16,
      "pt_ratio":60,
      "bandwidth":3,
      "bandcenter":120
   },
   "Load":{
      "connection_type":"Y",
      "vmin":0.95,
      "vmax":1.05
   }
}
